2020-10-21T21:37:13.522383+00:00,app[web.1]:,AB_TESTING:,B,1603316233822,0,0,arej,,Time to Completion,,,Return Rate,,
2020-10-21T21:37:15.112639+00:00,app[web.1]:,AB_TESTING:,B,1603316233822,1603316235405,mp1,arej,,A,B,,Recorded,Return,No Return
2020-10-21T21:37:15.660282+00:00,app[web.1]:,AB_TESTING:,B,1603316233822,1603316235993,mp4,arej,,12638,6485,,A,12,2
2020-10-21T21:37:17.362818+00:00,app[web.1]:,AB_TESTING:,B,1603316233822,1603316237694,mp2,arej,,9072,257957,,B,2,10
2020-10-21T21:37:18.010487+00:00,app[web.1]:,AB_TESTING:,B,1603316233822,1603316238345,mp4,arej,,24443,10554,,,,
2020-10-21T21:37:18.251561+00:00,app[web.1]:,AB_TESTING:,B,1603316233822,1603316238578,mp4,arej,,106191,2176,,,,
2020-10-21T21:37:18.555344+00:00,app[web.1]:,AB_TESTING:,B,1603316233822,1603316238892,mp1,arej,,5283,18096,,,,
2020-10-21T21:37:19.973059+00:00,app[web.1]:,AB_TESTING:,C,1603316240307,0,0,arej,,5076,9651,,,,
2020-10-21T13:12:58.048106+00:00,app[web.1]:,AB_TESTING:,A,1603285977754,0,0,bsbbdrtah,,9853,145032,,,,
2020-10-21T13:13:00.416213+00:00,app[web.1]:,AB_TESTING:,A,1603285977754,1603285980306,mp1,bsbbdrtah,,4872,61172,,,,
2020-10-21T13:13:01.884915+00:00,app[web.1]:,AB_TESTING:,A,1603285977754,1603285981773,mp2,bsbbdrtah,,9391,5977,,,,
2020-10-21T13:13:02.159280+00:00,app[web.1]:,AB_TESTING:,A,1603285977754,1603285982048,mp2,bsbbdrtah,,7256,17863,,,,
2020-10-21T13:13:03.253599+00:00,app[web.1]:,AB_TESTING:,A,1603285977754,1603285983142,mp3,bsbbdrtah,,39241,3158,,,,
2020-10-21T13:13:03.516699+00:00,app[web.1]:,AB_TESTING:,A,1603285977754,1603285983369,mp3,bsbbdrtah,,19903,5934,,,,
2020-10-21T13:13:03.780263+00:00,app[web.1]:,AB_TESTING:,A,1603285977754,1603285983636,mp3,bsbbdrtah,,8413,,,,,
2020-10-21T13:13:04.019920+00:00,app[web.1]:,AB_TESTING:,A,1603285977754,1603285983898,mp3,bsbbdrtah,,62173,,,,,
2020-10-21T13:13:06.824148+00:00,app[web.1]:,AB_TESTING:,A,1603285977754,1603285986711,mp4,bsbbdrtah,,,,,,,
2020-10-21T13:13:08.419894+00:00,app[web.1]:,AB_TESTING:,C,1603285988299,0,0,bsbbdrtah,,,,,,,
2020-10-21T13:13:10.532603+00:00,app[web.1]:,AB_TESTING:,A,1603285990392,0,0,bsbbdrtah,,,,,,,
2020-10-21T13:11:32.589054+00:00,app[web.1]:,AB_TESTING:,B,1603285891918,0,0,fppdk,,,,,,,
2020-10-21T13:15:44.243685+00:00,app[web.1]:,AB_TESTING:,B,1603285891918,1603286143197,mp3,fppdk,,,,,,,
2020-10-21T13:15:44.590257+00:00,app[web.1]:,AB_TESTING:,B,1603285891918,1603286144300,mp4,fppdk,,,,,,,
2020-10-21T13:15:45.063805+00:00,app[web.1]:,AB_TESTING:,B,1603285891918,1603286144867,mp3,fppdk,,,,,,,
2020-10-21T13:15:46.262773+00:00,app[web.1]:,AB_TESTING:,B,1603285891918,1603286146050,mp1,fppdk,,,,,,,
2020-10-21T13:15:47.660688+00:00,app[web.1]:,AB_TESTING:,B,1603285891918,1603286147476,mp2,fppdk,,,,,,,
2020-10-21T13:15:50.080210+00:00,app[web.1]:,AB_TESTING:,C,1603286149875,0,0,fppdk,,,,,,,
2020-10-21T13:09:39.029520+00:00,app[web.1]:,AB_TESTING:,B,1603285770101,1603285778760,mp2,gcwegwncl,,,,,,,
2020-10-21T13:09:39.211410+00:00,app[web.1]:,AB_TESTING:,B,1603285770101,1603285778938,mp2,gcwegwncl,,,,,,,
2020-10-21T13:09:40.963178+00:00,app[web.1]:,AB_TESTING:,C,1603285780655,0,0,gcwegwncl,,,,,,,
2020-10-21T13:09:46.564731+00:00,app[web.1]:,AB_TESTING:,A,1603285786291,0,0,gcwegwncl,,,,,,,
2020-10-21T13:09:47.856093+00:00,app[web.1]:,AB_TESTING:,A,1603285786291,1603285787580,mp1,gcwegwncl,,,,,,,
2020-10-21T13:09:48.071846+00:00,app[web.1]:,AB_TESTING:,A,1603285786291,1603285787781,mp1,gcwegwncl,,,,,,,
2020-10-21T13:09:48.244105+00:00,app[web.1]:,AB_TESTING:,A,1603285786291,1603285787859,mp1,gcwegwncl,,,,,,,
2020-10-21T13:09:48.980847+00:00,app[web.1]:,AB_TESTING:,A,1603285786291,1603285788703,mp2,gcwegwncl,,,,,,,
2020-10-21T13:09:49.163320+00:00,app[web.1]:,AB_TESTING:,A,1603285786291,1603285788880,mp2,gcwegwncl,,,,,,,
2020-10-21T13:09:49.842503+00:00,app[web.1]:,AB_TESTING:,A,1603285786291,1603285789565,mp3,gcwegwncl,,,,,,,
2020-10-21T13:09:49.979496+00:00,app[web.1]:,AB_TESTING:,A,1603285786291,1603285789702,mp3,gcwegwncl,,,,,,,
2020-10-21T13:09:50.640391+00:00,app[web.1]:,AB_TESTING:,A,1603285786291,1603285790360,mp4,gcwegwncl,,,,,,,
2020-10-21T13:09:50.884209+00:00,app[web.1]:,AB_TESTING:,A,1603285786291,1603285790552,mp4,gcwegwncl,,,,,,,
2020-10-21T13:09:53.103753+00:00,app[web.1]:,AB_TESTING:,C,1603285792741,0,0,gcwegwncl,,,,,,,
2020-10-21T13:09:55.702292+00:00,app[web.1]:,AB_TESTING:,A,1603285795363,0,0,gcwegwncl,,,,,,,
2020-10-21T21:36:22.050619+00:00,app[web.1]:,AB_TESTING:,B,1603316170901,0,0,gxnotxk,,,,,,,
2020-10-21T21:36:22.773608+00:00,app[web.1]:,AB_TESTING:,B,1603316170901,1603316171646,mp1,gxnotxk,,,,,,,
2020-10-21T21:36:23.089204+00:00,app[web.1]:,AB_TESTING:,B,1603316170901,1603316171958,mp4,gxnotxk,,,,,,,
2020-10-21T21:36:23.548932+00:00,app[web.1]:,AB_TESTING:,B,1603316170901,1603316172413,mp2,gxnotxk,,,,,,,
2020-10-21T21:36:24.046125+00:00,app[web.1]:,AB_TESTING:,B,1603316170901,1603316172917,mp3,gxnotxk,,,,,,,
2020-10-21T21:36:24.205129+00:00,app[web.1]:,AB_TESTING:,B,1603316170901,1603316173077,mp3,gxnotxk,,,,,,,
2020-10-21T21:42:31.902993+00:00,app[web.1]:,AB_TESTING:,A,1603316551811,0,0,ifymnvjc,,,,,,,
2020-10-21T21:42:33.988101+00:00,app[web.1]:,AB_TESTING:,A,1603316551811,1603316553959,mp2,ifymnvjc,,,,,,,
2020-10-21T21:42:34.164726+00:00,app[web.1]:,AB_TESTING:,A,1603316551811,1603316554144,mp2,ifymnvjc,,,,,,,
2020-10-21T21:42:35.734791+00:00,app[web.1]:,AB_TESTING:,A,1603316551811,1603316555684,mp4,ifymnvjc,,,,,,,
2020-10-21T21:42:35.995078+00:00,app[web.1]:,AB_TESTING:,A,1603316551811,1603316555967,mp2,ifymnvjc,,,,,,,
2020-10-21T21:42:38.281068+00:00,app[web.1]:,AB_TESTING:,A,1603316551811,1603316558254,mp3,ifymnvjc,,,,,,,
2020-10-21T21:42:41.854290+00:00,app[web.1]:,AB_TESTING:,C,1603316561826,0,0,ifymnvjc,,,,,,,
2020-10-21T21:42:43.367485+00:00,app[web.1]:,AB_TESTING:,A,1603316563341,0,0,ifymnvjc,,,,,,,
2020-10-21T21:42:45.007191+00:00,app[web.1]:,AB_TESTING:,A,1603316563341,1603316564958,mp2,ifymnvjc,,,,,,,
2020-10-21T21:42:47.568831+00:00,app[web.1]:,AB_TESTING:,C,1603316567545,0,0,ifymnvjc,,,,,,,
2020-10-21T21:42:48.974425+00:00,app[web.1]:,AB_TESTING:,A,1603316568931,0,0,ifymnvjc,,,,,,,
2020-10-21T21:42:50.748723+00:00,app[web.1]:,AB_TESTING:,A,1603316568931,1603316570602,mp2,ifymnvjc,,,,,,,
2020-10-21T21:42:52.212936+00:00,app[web.1]:,AB_TESTING:,A,1603316568931,1603316571894,mp1,ifymnvjc,,,,,,,
2020-10-21T21:42:53.449632+00:00,app[web.1]:,AB_TESTING:,C,1603316573423,0,0,ifymnvjc,,,,,,,
2020-10-21T21:42:55.411815+00:00,app[web.1]:,AB_TESTING:,A,1603316575385,0,0,ifymnvjc,,,,,,,
2020-10-21T21:42:56.385241+00:00,app[web.1]:,AB_TESTING:,A,1603316575385,1603316576254,mp1,ifymnvjc,,,,,,,
2020-10-21T21:43:02.999995+00:00,app[web.1]:,AB_TESTING:,B,1603316582959,0,0,isjxvloh,,,,,,,
2020-10-21T21:43:09.144837+00:00,app[web.1]:,AB_TESTING:,B,1603316582959,1603316589112,mp2,isjxvloh,,,,,,,
2020-10-21T21:43:10.741539+00:00,app[web.1]:,AB_TESTING:,B,1603316582959,1603316590711,mp2,isjxvloh,,,,,,,
2020-10-21T21:43:19.083591+00:00,app[web.1]:,AB_TESTING:,B,1603316582959,1603316599050,mp2,isjxvloh,,,,,,,
2020-10-21T21:43:19.255973+00:00,app[web.1]:,AB_TESTING:,B,1603316582959,1603316599224,mp2,isjxvloh,,,,,,,
2020-10-21T21:43:21.090773+00:00,app[web.1]:,AB_TESTING:,B,1603316582959,1603316601055,mp1,isjxvloh,,,,,,,
2020-10-21T21:36:06.871077+00:00,app[web.1]:,AB_TESTING:,A,1603316166252,0,0,jntzhfwx,,,,,,,
2020-10-21T21:36:18.624631+00:00,app[web.1]:,AB_TESTING:,A,1603316166252,1603316178006,mp1,jntzhfwx,,,,,,,
2020-10-21T21:36:20.828916+00:00,app[web.1]:,AB_TESTING:,A,1603316166252,1603316180220,mp1,jntzhfwx,,,,,,,
2020-10-21T21:37:36.308774+00:00,app[web.1]:,AB_TESTING:,C,1603316255707,0,0,jntzhfwx,,,,,,,
2020-10-21T21:37:37.892778+00:00,app[web.1]:,AB_TESTING:,A,1603316257289,0,0,jntzhfwx,,,,,,,
2020-10-21T21:37:40.024077+00:00,app[web.1]:,AB_TESTING:,A,1603316257289,1603316259414,mp4,jntzhfwx,,,,,,,
2020-10-21T21:37:40.922796+00:00,app[web.1]:,AB_TESTING:,A,1603316257289,1603316260302,mp4,jntzhfwx,,,,,,,
2020-10-21T21:37:42.417283+00:00,app[web.1]:,AB_TESTING:,A,1603316257289,1603316261802,mp3,jntzhfwx,,,,,,,
2020-10-21T21:37:43.104324+00:00,app[web.1]:,AB_TESTING:,A,1603316257289,1603316262499,mp3,jntzhfwx,,,,,,,
2020-10-21T21:37:44.713036+00:00,app[web.1]:,AB_TESTING:,C,1603316264109,0,0,jntzhfwx,,,,,,,
2020-10-21T21:37:48.415951+00:00,app[web.1]:,AB_TESTING:,A,1603316267810,0,0,jntzhfwx,,,,,,,
2020-10-21T21:37:50.054746+00:00,app[web.1]:,AB_TESTING:,A,1603316267810,1603316269449,mp2,jntzhfwx,,,,,,,
2020-10-21T21:37:53.051279+00:00,app[web.1]:,AB_TESTING:,C,1603316272443,0,0,jntzhfwx,,,,,,,
2020-10-21T21:40:15.417395+00:00,app[web.1]:,AB_TESTING:,A,1603316415312,0,0,kiqybwlcd,,,,,,,
2020-10-21T21:40:16.678175+00:00,app[web.1]:,AB_TESTING:,A,1603316415312,1603316416615,mp1,kiqybwlcd,,,,,,,
2020-10-21T21:40:17.168658+00:00,app[web.1]:,AB_TESTING:,A,1603316415312,1603316417100,mp2,kiqybwlcd,,,,,,,
2020-10-21T21:40:17.693516+00:00,app[web.1]:,AB_TESTING:,A,1603316415312,1603316417624,mp3,kiqybwlcd,,,,,,,
2020-10-21T21:40:18.398883+00:00,app[web.1]:,AB_TESTING:,A,1603316415312,1603316418328,mp4,kiqybwlcd,,,,,,,
2020-10-21T21:40:18.817597+00:00,app[web.1]:,AB_TESTING:,A,1603316415312,1603316418715,mp4,kiqybwlcd,,,,,,,
2020-10-21T21:40:18.949815+00:00,app[web.1]:,AB_TESTING:,A,1603316415312,1603316418873,mp4,kiqybwlcd,,,,,,,
2020-10-21T21:40:19.092067+00:00,app[web.1]:,AB_TESTING:,A,1603316415312,1603316419022,mp4,kiqybwlcd,,,,,,,
2020-10-21T21:40:19.232731+00:00,app[web.1]:,AB_TESTING:,A,1603316415312,1603316419159,mp4,kiqybwlcd,,,,,,,
2020-10-21T21:40:20.665434+00:00,app[web.1]:,AB_TESTING:,C,1603316420595,0,0,kiqybwlcd,,,,,,,
2020-10-21T13:14:19.150205+00:00,app[web.1]:,AB_TESTING:,B,1603286059072,0,0,kjhjmiqrlj,,,,,,,
2020-10-21T13:14:20.235413+00:00,app[web.1]:,AB_TESTING:,B,1603286059072,1603286060203,mp1,kjhjmiqrlj,,,,,,,
2020-10-21T13:14:21.130482+00:00,app[web.1]:,AB_TESTING:,B,1603286059072,1603286061097,mp4,kjhjmiqrlj,,,,,,,
2020-10-21T13:14:22.017719+00:00,app[web.1]:,AB_TESTING:,B,1603286059072,1603286061985,mp2,kjhjmiqrlj,,,,,,,
2020-10-21T13:14:22.883160+00:00,app[web.1]:,AB_TESTING:,B,1603286059072,1603286062851,mp3,kjhjmiqrlj,,,,,,,
2020-10-21T13:14:23.085147+00:00,app[web.1]:,AB_TESTING:,B,1603286059072,1603286063053,mp3,kjhjmiqrlj,,,,,,,
2020-10-21T13:14:23.278018+00:00,app[web.1]:,AB_TESTING:,B,1603286059072,1603286063246,mp3,kjhjmiqrlj,,,,,,,
2020-10-21T13:14:23.474080+00:00,app[web.1]:,AB_TESTING:,B,1603286059072,1603286063442,mp3,kjhjmiqrlj,,,,,,,
2020-10-21T13:14:23.676362+00:00,app[web.1]:,AB_TESTING:,B,1603286059072,1603286063642,mp3,kjhjmiqrlj,,,,,,,
2020-10-21T13:14:23.898164+00:00,app[web.1]:,AB_TESTING:,B,1603286059072,1603286063862,mp3,kjhjmiqrlj,,,,,,,
2020-10-21T13:14:24.086523+00:00,app[web.1]:,AB_TESTING:,B,1603286059072,1603286064055,mp3,kjhjmiqrlj,,,,,,,
2020-10-21T13:14:24.263909+00:00,app[web.1]:,AB_TESTING:,B,1603286059072,1603286064232,mp3,kjhjmiqrlj,,,,,,,
2020-10-21T13:14:24.929525+00:00,app[web.1]:,AB_TESTING:,B,1603286059072,1603286064894,mp2,kjhjmiqrlj,,,,,,,
2020-10-21T13:14:25.128198+00:00,app[web.1]:,AB_TESTING:,B,1603286059072,1603286065096,mp2,kjhjmiqrlj,,,,,,,
2020-10-21T13:14:25.315910+00:00,app[web.1]:,AB_TESTING:,B,1603286059072,1603286065281,mp2,kjhjmiqrlj,,,,,,,
2020-10-21T13:14:26.124881+00:00,app[web.1]:,AB_TESTING:,B,1603286059072,1603286066090,mp4,kjhjmiqrlj,,,,,,,
2020-10-21T13:14:26.311391+00:00,app[web.1]:,AB_TESTING:,B,1603286059072,1603286066274,mp4,kjhjmiqrlj,,,,,,,
2020-10-21T13:14:26.475925+00:00,app[web.1]:,AB_TESTING:,B,1603286059072,1603286066445,mp4,kjhjmiqrlj,,,,,,,
2020-10-21T13:14:26.662824+00:00,app[web.1]:,AB_TESTING:,B,1603286059072,1603286066622,mp4,kjhjmiqrlj,,,,,,,
2020-10-21T13:14:28.761616+00:00,app[web.1]:,AB_TESTING:,C,1603286068723,0,0,kjhjmiqrlj,,,,,,,
2020-10-23T19:05:35.615739+00:00,app[web.1]:,AB_TESTING:,B,1603479935554,0,0,ncyfzx,,,,,,,
2020-10-21T13:27:23.984575+00:00,app[web.1]:,AB_TESTING:,B,1603286843743,0,0,npaqrwc,,,,,,,
2020-10-21T13:29:39.825442+00:00,app[web.1]:,AB_TESTING:,B,1603286843743,1603286978586,mp2,npaqrwc,,,,,,,
2020-10-21T13:29:40.505654+00:00,app[web.1]:,AB_TESTING:,B,1603286843743,1603286980080,mp3,npaqrwc,,,,,,,
2020-10-21T13:29:41.014377+00:00,app[web.1]:,AB_TESTING:,B,1603286843743,1603286980768,mp4,npaqrwc,,,,,,,
2020-10-21T13:29:41.500375+00:00,app[web.1]:,AB_TESTING:,B,1603286843743,1603286981205,mp4,npaqrwc,,,,,,,
2020-10-21T13:29:42.001773+00:00,app[web.1]:,AB_TESTING:,B,1603286843743,1603286981748,mp4,npaqrwc,,,,,,,
2020-10-21T13:29:42.540565+00:00,app[web.1]:,AB_TESTING:,B,1603286843743,1603286982245,mp4,npaqrwc,,,,,,,
2020-10-21T13:29:43.050907+00:00,app[web.1]:,AB_TESTING:,B,1603286843743,1603286982793,mp4,npaqrwc,,,,,,,
2020-10-21T13:29:43.368846+00:00,app[web.1]:,AB_TESTING:,B,1603286843743,1603286983194,mp4,npaqrwc,,,,,,,
2020-10-21T13:29:43.839978+00:00,app[web.1]:,AB_TESTING:,B,1603286843743,1603286983519,mp4,npaqrwc,,,,,,,
2020-10-21T13:29:44.661550+00:00,app[web.1]:,AB_TESTING:,B,1603286843743,1603286984512,mp4,npaqrwc,,,,,,,
2020-10-21T13:29:48.976439+00:00,app[web.1]:,AB_TESTING:,C,1603286988775,0,0,npaqrwc,,,,,,,
2020-10-21T13:18:39.091033+00:00,app[web.1]:,AB_TESTING:,B,1603286292464,0,0,pfyxsxbzf,,,,,,,
2020-10-21T13:19:17.005583+00:00,app[web.1]:,AB_TESTING:,B,1603286292464,1603286330947,mp4,pfyxsxbzf,,,,,,,
2020-10-21T13:19:18.815730+00:00,app[web.1]:,AB_TESTING:,B,1603286292464,1603286332762,mp1,pfyxsxbzf,,,,,,,
2020-10-21T13:19:19.575903+00:00,app[web.1]:,AB_TESTING:,B,1603286292464,1603286333522,mp3,pfyxsxbzf,,,,,,,
2020-10-21T13:19:20.588389+00:00,app[web.1]:,AB_TESTING:,B,1603286292464,1603286334513,mp2,pfyxsxbzf,,,,,,,
2020-10-21T13:19:21.502003+00:00,app[web.1]:,AB_TESTING:,B,1603286292464,1603286335450,mp2,pfyxsxbzf,,,,,,,
2020-10-21T13:19:25.293727+00:00,app[web.1]:,AB_TESTING:,B,1603286292464,1603286339239,mp4,pfyxsxbzf,,,,,,,
2020-10-21T13:19:29.560341+00:00,app[web.1]:,AB_TESTING:,C,1603286343502,0,0,pfyxsxbzf,,,,,,,
2020-10-21T13:19:32.695828+00:00,app[web.1]:,AB_TESTING:,B,1603286346629,0,0,pfyxsxbzf,,,,,,,
2020-10-21T13:19:36.942698+00:00,app[web.1]:,AB_TESTING:,B,1603286346629,1603286350888,mp3,pfyxsxbzf,,,,,,,
2020-10-21T13:19:39.690311+00:00,app[web.1]:,AB_TESTING:,C,1603286353636,0,0,pfyxsxbzf,,,,,,,
2020-10-21T21:39:17.461307+00:00,app[web.1]:,AB_TESTING:,A,1603316357663,0,0,qhlptkiq,,,,,,,
2020-10-21T21:39:19.038368+00:00,app[web.1]:,AB_TESTING:,A,1603316357663,1603316359240,mp3,qhlptkiq,,,,,,,
2020-10-21T21:39:19.638260+00:00,app[web.1]:,AB_TESTING:,A,1603316357663,1603316359842,mp2,qhlptkiq,,,,,,,
2020-10-21T21:39:21.450466+00:00,app[web.1]:,AB_TESTING:,C,1603316361656,0,0,qhlptkiq,,,,,,,
2020-10-21T21:39:22.532916+00:00,app[web.1]:,AB_TESTING:,A,1603316362739,0,0,qhlptkiq,,,,,,,
2020-10-21T22:53:54.490585+00:00,app[web.1]:,AB_TESTING:,B,1603320834668,0,0,qhlptkiq,,,,,,,
2020-10-21T22:53:58.664260+00:00,app[web.1]:,AB_TESTING:,B,1603320834668,1603320838855,mp1,qhlptkiq,,,,,,,
2020-10-21T22:53:59.235099+00:00,app[web.1]:,AB_TESTING:,B,1603320834668,1603320839429,mp4,qhlptkiq,,,,,,,
2020-10-21T22:53:59.958651+00:00,app[web.1]:,AB_TESTING:,B,1603320834668,1603320840149,mp2,qhlptkiq,,,,,,,
2020-10-21T22:54:00.457441+00:00,app[web.1]:,AB_TESTING:,B,1603320834668,1603320840645,mp3,qhlptkiq,,,,,,,
2020-10-21T21:44:16.348902+00:00,app[web.1]:,AB_TESTING:,A,1603316656332,0,0,qmeqwhgpr,,,,,,,
2020-10-21T21:44:18.356561+00:00,app[web.1]:,AB_TESTING:,A,1603316656332,1603316658340,mp1,qmeqwhgpr,,,,,,,
2020-10-21T21:44:19.214885+00:00,app[web.1]:,AB_TESTING:,A,1603316656332,1603316659208,mp4,qmeqwhgpr,,,,,,,
2020-10-21T21:44:19.402983+00:00,app[web.1]:,AB_TESTING:,A,1603316656332,1603316659397,mp4,qmeqwhgpr,,,,,,,
2020-10-21T21:44:19.616331+00:00,app[web.1]:,AB_TESTING:,A,1603316656332,1603316659610,mp4,qmeqwhgpr,,,,,,,
2020-10-21T21:44:20.268031+00:00,app[web.1]:,AB_TESTING:,A,1603316656332,1603316660263,mp3,qmeqwhgpr,,,,,,,
2020-10-21T21:44:21.349510+00:00,app[web.1]:,AB_TESTING:,A,1603316656332,1603316661344,mp2,qmeqwhgpr,,,,,,,
2020-10-21T21:44:21.515089+00:00,app[web.1]:,AB_TESTING:,A,1603316656332,1603316661511,mp2,qmeqwhgpr,,,,,,,
2020-10-21T21:44:22.490167+00:00,app[web.1]:,AB_TESTING:,C,1603316662484,0,0,qmeqwhgpr,,,,,,,
2020-10-21T21:44:26.193908+00:00,app[web.1]:,AB_TESTING:,A,1603316666185,0,0,qmeqwhgpr,,,,,,,
2020-10-21T21:45:20.616133+00:00,app[web.1]:,AB_TESTING:,B,1603316720530,0,0,qungiflc,,,,,,,
2020-10-21T21:45:22.297061+00:00,app[web.1]:,AB_TESTING:,B,1603316720530,1603316722228,mp2,qungiflc,,,,,,,
2020-10-21T21:45:23.545567+00:00,app[web.1]:,AB_TESTING:,B,1603316720530,1603316723489,mp2,qungiflc,,,,,,,
2020-10-21T21:45:23.960701+00:00,app[web.1]:,AB_TESTING:,B,1603316720530,1603316723907,mp2,qungiflc,,,,,,,
2020-10-21T21:45:24.268051+00:00,app[web.1]:,AB_TESTING:,B,1603316720530,1603316724213,mp2,qungiflc,,,,,,,
2020-10-21T21:45:24.479216+00:00,app[web.1]:,AB_TESTING:,B,1603316720530,1603316724419,mp2,qungiflc,,,,,,,
2020-10-21T21:45:24.671884+00:00,app[web.1]:,AB_TESTING:,B,1603316720530,1603316724616,mp2,qungiflc,,,,,,,
2020-10-21T21:45:24.886206+00:00,app[web.1]:,AB_TESTING:,B,1603316720530,1603316724823,mp2,qungiflc,,,,,,,
2020-10-21T21:45:25.061730+00:00,app[web.1]:,AB_TESTING:,B,1603316720530,1603316725006,mp2,qungiflc,,,,,,,
2020-10-21T21:45:25.234050+00:00,app[web.1]:,AB_TESTING:,B,1603316720530,1603316725176,mp2,qungiflc,,,,,,,
2020-10-21T21:45:26.849480+00:00,app[web.1]:,AB_TESTING:,B,1603316720530,1603316726790,mp2,qungiflc,,,,,,,
2020-10-21T21:45:27.983049+00:00,app[web.1]:,AB_TESTING:,B,1603316720530,1603316727920,mp4,qungiflc,,,,,,,
2020-10-21T21:45:28.325203+00:00,app[web.1]:,AB_TESTING:,B,1603316720530,1603316728261,mp4,qungiflc,,,,,,,
2020-10-21T21:45:29.809936+00:00,app[web.1]:,AB_TESTING:,C,1603316729718,0,0,qungiflc,,,,,,,
2020-10-21T13:14:23.936905+00:00,app[web.1]:,AB_TESTING:,B,1603286063652,0,0,qwznvkneg,,,,,,,
2020-10-21T13:14:27.835873+00:00,app[web.1]:,AB_TESTING:,B,1603286063652,1603286067727,mp2,qwznvkneg,,,,,,,
2020-10-21T13:14:29.854606+00:00,app[web.1]:,AB_TESTING:,B,1603286063652,1603286069739,mp2,qwznvkneg,,,,,,,
2020-10-21T13:14:31.710302+00:00,app[web.1]:,AB_TESTING:,B,1603286063652,1603286071598,mp3,qwznvkneg,,,,,,,
2020-10-21T13:14:33.571394+00:00,app[web.1]:,AB_TESTING:,B,1603286063652,1603286073460,mp3,qwznvkneg,,,,,,,
2020-10-21T13:14:34.800563+00:00,app[web.1]:,AB_TESTING:,B,1603286063652,1603286074692,mp4,qwznvkneg,,,,,,,
2020-10-21T13:14:35.476722+00:00,app[web.1]:,AB_TESTING:,B,1603286063652,1603286075359,mp4,qwznvkneg,,,,,,,
2020-10-21T13:14:37.377891+00:00,app[web.1]:,AB_TESTING:,B,1603286063652,1603286077264,mp3,qwznvkneg,,,,,,,
2020-10-21T13:14:39.427620+00:00,app[web.1]:,AB_TESTING:,C,1603286079314,0,0,qwznvkneg,,,,,,,
2020-10-21T13:14:41.626420+00:00,app[web.1]:,AB_TESTING:,B,1603286081515,0,0,qwznvkneg,,,,,,,
2020-10-21T13:13:37.684171+00:00,app[web.1]:,AB_TESTING:,A,1603286017563,0,0,shm,,,,,,,
2020-10-21T13:13:39.841930+00:00,app[web.1]:,AB_TESTING:,A,1603286017563,1603286019737,mp4,shm,,,,,,,
2020-10-21T13:13:40.079955+00:00,app[web.1]:,AB_TESTING:,A,1603286017563,1603286019957,mp4,shm,,,,,,,
2020-10-21T13:13:40.293846+00:00,app[web.1]:,AB_TESTING:,A,1603286017563,1603286020188,mp4,shm,,,,,,,
2020-10-21T13:13:40.506011+00:00,app[web.1]:,AB_TESTING:,A,1603286017563,1603286020400,mp4,shm,,,,,,,
2020-10-21T13:13:40.723837+00:00,app[web.1]:,AB_TESTING:,A,1603286017563,1603286020615,mp4,shm,,,,,,,
2020-10-21T13:13:42.536428+00:00,app[web.1]:,AB_TESTING:,C,1603286022435,0,0,shm,,,,,,,
2020-10-21T13:11:39.116127+00:00,app[web.1]:,AB_TESTING:,A,1603285898773,0,0,suuuqugh,,,,,,,
2020-10-21T13:11:41.037627+00:00,app[web.1]:,AB_TESTING:,A,1603285898773,1603285900903,mp2,suuuqugh,,,,,,,
2020-10-21T13:11:41.341372+00:00,app[web.1]:,AB_TESTING:,A,1603285898773,1603285901183,mp2,suuuqugh,,,,,,,
2020-10-21T13:11:41.631898+00:00,app[web.1]:,AB_TESTING:,A,1603285898773,1603285901489,mp2,suuuqugh,,,,,,,
2020-10-21T13:11:41.917907+00:00,app[web.1]:,AB_TESTING:,A,1603285898773,1603285901780,mp2,suuuqugh,,,,,,,
2020-10-21T13:11:42.200664+00:00,app[web.1]:,AB_TESTING:,A,1603285898773,1603285902063,mp2,suuuqugh,,,,,,,
2020-10-21T13:11:42.484345+00:00,app[web.1]:,AB_TESTING:,A,1603285898773,1603285902344,mp2,suuuqugh,,,,,,,
2020-10-21T13:11:42.770563+00:00,app[web.1]:,AB_TESTING:,A,1603285898773,1603285902629,mp2,suuuqugh,,,,,,,
2020-10-21T13:11:43.054443+00:00,app[web.1]:,AB_TESTING:,A,1603285898773,1603285902915,mp2,suuuqugh,,,,,,,
2020-10-21T13:11:43.340128+00:00,app[web.1]:,AB_TESTING:,A,1603285898773,1603285903198,mp2,suuuqugh,,,,,,,
2020-10-21T13:11:43.624335+00:00,app[web.1]:,AB_TESTING:,A,1603285898773,1603285903485,mp2,suuuqugh,,,,,,,
2020-10-21T13:11:43.912163+00:00,app[web.1]:,AB_TESTING:,A,1603285898773,1603285903771,mp2,suuuqugh,,,,,,,
2020-10-21T13:11:44.197925+00:00,app[web.1]:,AB_TESTING:,A,1603285898773,1603285904059,mp2,suuuqugh,,,,,,,
2020-10-21T13:11:44.479173+00:00,app[web.1]:,AB_TESTING:,A,1603285898773,1603285904342,mp2,suuuqugh,,,,,,,
2020-10-21T13:11:46.696389+00:00,app[web.1]:,AB_TESTING:,C,1603285906551,0,0,suuuqugh,,,,,,,
2020-10-21T13:11:48.302064+00:00,app[web.1]:,AB_TESTING:,A,1603285908164,0,0,suuuqugh,,,,,,,
2020-10-21T13:11:46.093179+00:00,app[web.1]:,AB_TESTING:,A,1603285905696,0,0,tcmcitn,,,,,,,
2020-10-21T13:11:47.422824+00:00,app[web.1]:,AB_TESTING:,A,1603285905696,1603285907022,mp1,tcmcitn,,,,,,,
2020-10-21T13:11:47.646256+00:00,app[web.1]:,AB_TESTING:,A,1603285905696,1603285907250,mp1,tcmcitn,,,,,,,
2020-10-21T13:11:48.287368+00:00,app[web.1]:,AB_TESTING:,A,1603285905696,1603285907887,mp2,tcmcitn,,,,,,,
2020-10-21T13:11:48.452198+00:00,app[web.1]:,AB_TESTING:,A,1603285905696,1603285908053,mp2,tcmcitn,,,,,,,
2020-10-21T13:11:49.633637+00:00,app[web.1]:,AB_TESTING:,A,1603285905696,1603285909238,mp3,tcmcitn,,,,,,,
2020-10-21T13:11:49.967966+00:00,app[web.1]:,AB_TESTING:,A,1603285905696,1603285909577,mp3,tcmcitn,,,,,,,
2020-10-21T13:11:50.348837+00:00,app[web.1]:,AB_TESTING:,A,1603285905696,1603285909944,mp3,tcmcitn,,,,,,,
2020-10-21T13:11:51.129543+00:00,app[web.1]:,AB_TESTING:,A,1603285905696,1603285910740,mp4,tcmcitn,,,,,,,
2020-10-21T13:11:52.263004+00:00,app[web.1]:,AB_TESTING:,C,1603285911867,0,0,tcmcitn,,,,,,,
2020-10-21T13:11:53.344526+00:00,app[web.1]:,AB_TESTING:,A,1603285912952,0,0,tcmcitn,,,,,,,
2020-10-21T21:42:47.347677+00:00,app[web.1]:,AB_TESTING:,B,1603316567243,0,0,thowg,,,,,,,
2020-10-21T21:42:48.104989+00:00,app[web.1]:,AB_TESTING:,B,1603316567243,1603316568041,mp4,thowg,,,,,,,
2020-10-21T21:42:48.340370+00:00,app[web.1]:,AB_TESTING:,B,1603316567243,1603316568266,mp4,thowg,,,,,,,
2020-10-21T21:42:48.460130+00:00,app[web.1]:,AB_TESTING:,B,1603316567243,1603316568391,mp4,thowg,,,,,,,
2020-10-21T21:42:48.643049+00:00,app[web.1]:,AB_TESTING:,B,1603316567243,1603316568516,mp4,thowg,,,,,,,
2020-10-21T21:42:48.767933+00:00,app[web.1]:,AB_TESTING:,B,1603316567243,1603316568696,mp4,thowg,,,,,,,
2020-10-21T21:42:49.311205+00:00,app[web.1]:,AB_TESTING:,B,1603316567243,1603316569248,mp4,thowg,,,,,,,
2020-10-21T21:42:50.469165+00:00,app[web.1]:,AB_TESTING:,C,1603316570401,0,0,thowg,,,,,,,
2020-10-21T13:11:31.740014+00:00,app[web.1]:,AB_TESTING:,B,1603285890579,0,0,ujojmtx,,,,,,,
2020-10-21T21:36:51.842171+00:00,app[web.1]:,AB_TESTING:,A,1603316211824,0,0,vnskbanl,,,,,,,
2020-10-21T21:36:57.394346+00:00,app[web.1]:,AB_TESTING:,A,1603316211824,1603316217341,mp1,vnskbanl,,,,,,,
2020-10-21T21:37:08.522536+00:00,app[web.1]:,AB_TESTING:,A,1603316211824,1603316228509,mp2,vnskbanl,,,,,,,
2020-10-21T21:37:11.067921+00:00,app[web.1]:,AB_TESTING:,A,1603316211824,1603316231049,mp3,vnskbanl,,,,,,,
2020-10-21T21:37:13.781397+00:00,app[web.1]:,AB_TESTING:,A,1603316211824,1603316233745,mp4,vnskbanl,,,,,,,
2020-10-21T21:37:19.862369+00:00,app[web.1]:,AB_TESTING:,A,1603316211824,1603316239823,mp1,vnskbanl,,,,,,,
2020-10-21T21:37:21.165281+00:00,app[web.1]:,AB_TESTING:,A,1603316211824,1603316241110,mp2,vnskbanl,,,,,,,
2020-10-21T21:37:21.776364+00:00,app[web.1]:,AB_TESTING:,A,1603316211824,1603316241749,mp2,vnskbanl,,,,,,,
2020-10-21T21:37:23.053269+00:00,app[web.1]:,AB_TESTING:,C,1603316243040,0,0,vnskbanl,,,,,,,
2020-10-21T21:37:24.208261+00:00,app[web.1]:,AB_TESTING:,A,1603316244168,0,0,vnskbanl,,,,,,,
2020-10-21T21:37:25.093766+00:00,app[web.1]:,AB_TESTING:,A,1603316244168,1603316245082,mp1,vnskbanl,,,,,,,
2020-10-21T21:37:25.388760+00:00,app[web.1]:,AB_TESTING:,A,1603316244168,1603316245368,mp1,vnskbanl,,,,,,,
2020-10-21T21:37:26.411128+00:00,app[web.1]:,AB_TESTING:,C,1603316246401,0,0,vnskbanl,,,,,,,
2020-10-21T21:37:27.430764+00:00,app[web.1]:,AB_TESTING:,A,1603316247420,0,0,vnskbanl,,,,,,,
2020-10-21T21:37:28.288331+00:00,app[web.1]:,AB_TESTING:,A,1603316247420,1603316248279,mp2,vnskbanl,,,,,,,
2020-10-21T21:37:31.076319+00:00,app[web.1]:,AB_TESTING:,C,1603316251065,0,0,vnskbanl,,,,,,,
2020-10-21T13:11:19.792654+00:00,app[web.1]:,AB_TESTING:,B,1603285879543,0,0,xmptcvyhl,,,,,,,
2020-10-21T13:11:21.948738+00:00,app[web.1]:,AB_TESTING:,B,1603285879543,1603285881843,mp1,xmptcvyhl,,,,,,,
2020-10-21T13:11:22.204858+00:00,app[web.1]:,AB_TESTING:,B,1603285879543,1603285882061,mp1,xmptcvyhl,,,,,,,
2020-10-21T13:11:22.439538+00:00,app[web.1]:,AB_TESTING:,B,1603285879543,1603285882316,mp1,xmptcvyhl,,,,,,,
2020-10-21T13:11:22.681945+00:00,app[web.1]:,AB_TESTING:,B,1603285879543,1603285882560,mp1,xmptcvyhl,,,,,,,
2020-10-21T13:11:22.916678+00:00,app[web.1]:,AB_TESTING:,B,1603285879543,1603285882793,mp1,xmptcvyhl,,,,,,,
2020-10-21T13:11:23.148749+00:00,app[web.1]:,AB_TESTING:,B,1603285879543,1603285883028,mp1,xmptcvyhl,,,,,,,
2020-10-21T13:11:23.382293+00:00,app[web.1]:,AB_TESTING:,B,1603285879543,1603285883259,mp1,xmptcvyhl,,,,,,,
2020-10-21T13:11:23.616507+00:00,app[web.1]:,AB_TESTING:,B,1603285879543,1603285883493,mp1,xmptcvyhl,,,,,,,
2020-10-21T13:11:23.847939+00:00,app[web.1]:,AB_TESTING:,B,1603285879543,1603285883727,mp1,xmptcvyhl,,,,,,,
2020-10-21T13:11:24.081720+00:00,app[web.1]:,AB_TESTING:,B,1603285879543,1603285883959,mp1,xmptcvyhl,,,,,,,
2020-10-21T13:11:24.315610+00:00,app[web.1]:,AB_TESTING:,B,1603285879543,1603285884193,mp1,xmptcvyhl,,,,,,,
2020-10-21T13:11:24.555463+00:00,app[web.1]:,AB_TESTING:,B,1603285879543,1603285884429,mp1,xmptcvyhl,,,,,,,
2020-10-21T13:11:24.788130+00:00,app[web.1]:,AB_TESTING:,B,1603285879543,1603285884667,mp1,xmptcvyhl,,,,,,,
2020-10-21T13:11:25.028068+00:00,app[web.1]:,AB_TESTING:,B,1603285879543,1603285884899,mp1,xmptcvyhl,,,,,,,
2020-10-21T13:11:25.583375+00:00,app[web.1]:,AB_TESTING:,C,1603285885477,0,0,xmptcvyhl,,,,,,,
2020-10-21T21:37:52.456607+00:00,app[web.1]:,AB_TESTING:,A,1603316272348,0,0,ypudzqmuk,,,,,,,
2020-10-21T21:37:54.451301+00:00,app[web.1]:,AB_TESTING:,A,1603316272348,1603316274364,mp4,ypudzqmuk,,,,,,,
2020-10-21T21:37:54.624901+00:00,app[web.1]:,AB_TESTING:,A,1603316272348,1603316274549,mp4,ypudzqmuk,,,,,,,
2020-10-21T21:37:54.795598+00:00,app[web.1]:,AB_TESTING:,A,1603316272348,1603316274697,mp4,ypudzqmuk,,,,,,,
2020-10-21T21:37:55.044618+00:00,app[web.1]:,AB_TESTING:,A,1603316272348,1603316274951,mp4,ypudzqmuk,,,,,,,
2020-10-21T21:37:55.223399+00:00,app[web.1]:,AB_TESTING:,A,1603316272348,1603316275141,mp4,ypudzqmuk,,,,,,,
2020-10-21T21:38:03.546802+00:00,app[web.1]:,AB_TESTING:,C,1603316283456,0,0,ypudzqmuk,,,,,,,
2020-10-21T21:38:05.461881+00:00,app[web.1]:,AB_TESTING:,A,1603316285375,0,0,ypudzqmuk,,,,,,,
2020-10-21T21:38:07.754937+00:00,app[web.1]:,AB_TESTING:,A,1603316287674,0,0,ypudzqmuk,,,,,,,
2020-10-21T21:38:09.244646+00:00,app[web.1]:,AB_TESTING:,A,1603316289159,0,0,ypudzqmuk,,,,,,,
2020-10-21T21:38:10.653811+00:00,app[web.1]:,AB_TESTING:,A,1603316290549,0,0,ypudzqmuk,,,,,,,
2020-10-21T21:38:11.605802+00:00,app[web.1]:,AB_TESTING:,A,1603316291518,0,0,ypudzqmuk,,,,,,,
2020-10-21T21:38:12.334841+00:00,app[web.1]:,AB_TESTING:,A,1603316292251,0,0,ypudzqmuk,,,,,,,
2020-10-21T21:38:22.611140+00:00,app[web.1]:,AB_TESTING:,A,1603316302372,0,0,ywxtrkic,,,,,,,
2020-10-21T21:38:24.583054+00:00,app[web.1]:,AB_TESTING:,A,1603316302372,1603316304347,mp2,ywxtrkic,,,,,,,
2020-10-21T21:38:24.732495+00:00,app[web.1]:,AB_TESTING:,A,1603316302372,1603316304497,mp2,ywxtrkic,,,,,,,
2020-10-21T21:38:25.045104+00:00,app[web.1]:,AB_TESTING:,A,1603316302372,1603316304811,mp3,ywxtrkic,,,,,,,
2020-10-21T21:38:25.189126+00:00,app[web.1]:,AB_TESTING:,A,1603316302372,1603316304952,mp3,ywxtrkic,,,,,,,
2020-10-21T21:38:25.306955+00:00,app[web.1]:,AB_TESTING:,A,1603316302372,1603316305073,mp3,ywxtrkic,,,,,,,
2020-10-21T21:38:25.626218+00:00,app[web.1]:,AB_TESTING:,A,1603316302372,1603316305386,mp2,ywxtrkic,,,,,,,
2020-10-21T21:38:25.846842+00:00,app[web.1]:,AB_TESTING:,A,1603316302372,1603316305612,mp3,ywxtrkic,,,,,,,
2020-10-21T21:38:26.602935+00:00,app[web.1]:,AB_TESTING:,A,1603316302372,1603316306368,mp2,ywxtrkic,,,,,,,
2020-10-21T21:38:28.730046+00:00,app[web.1]:,AB_TESTING:,A,1603316302372,1603316308495,mp1,ywxtrkic,,,,,,,
2020-10-21T21:38:30.120610+00:00,app[web.1]:,AB_TESTING:,C,1603316309871,0,0,ywxtrkic,,,,,,,
2020-10-21T21:38:31.025171+00:00,app[web.1]:,AB_TESTING:,A,1603316310785,0,0,ywxtrkic,,,,,,,
2020-10-21T13:12:50.080675+00:00,app[web.1]:,AB_TESTING:,A,1603285970015,0,0,zsyvkk,,,,,,,
2020-10-21T13:13:32.412928+00:00,app[web.1]:,AB_TESTING:,A,1603285970015,1603286012390,mp3,zsyvkk,,,,,,,
2020-10-21T13:13:35.323973+00:00,app[web.1]:,AB_TESTING:,A,1603285970015,1603286015296,mp1,zsyvkk,,,,,,,
2020-10-21T13:13:40.059224+00:00,app[web.1]:,AB_TESTING:,A,1603285970015,1603286020037,mp4,zsyvkk,,,,,,,
2020-10-21T13:13:40.246812+00:00,app[web.1]:,AB_TESTING:,A,1603285970015,1603286020228,mp4,zsyvkk,,,,,,,
2020-10-21T13:13:40.840776+00:00,app[web.1]:,AB_TESTING:,A,1603285970015,1603286020820,mp4,zsyvkk,,,,,,,
2020-10-21T13:13:48.744960+00:00,app[web.1]:,AB_TESTING:,C,1603286028724,0,0,zsyvkk,,,,,,,
2020-10-21T13:13:50.500847+00:00,app[web.1]:,AB_TESTING:,A,1603286030479,0,0,zsyvkk,,,,,,,
2020-10-21T13:13:51.517897+00:00,app[web.1]:,AB_TESTING:,A,1603286030479,1603286031494,mp1,zsyvkk,,,,,,,
2020-10-21T13:13:52.211821+00:00,app[web.1]:,AB_TESTING:,A,1603286030479,1603286032188,mp1,zsyvkk,,,,,,,